置換前,置換後
ａ,A
ｂ,B
ｃ,C
ｄ,D
ｅ,E
ｆ,F
ｇ,G
ｈ,H
ｉ,I
ｊ,J
ｋ,K
ｌ,L
ｍ,M
ｎ,N
ｏ,O
ｐ,P
ｑ,Q
ｒ,R
ｓ,S
ｔ,T
ｕ,U
ｖ,V
ｗ,W
ｘ,X
ｙ,Y
ｚ,Z
a,A
b,B
c,C
d,D
e,E
f,F
g,G
h,H
i,I
j,J
k,K
l,L
m,M
n,N
o,O
p,P
q,Q
r,R
s,S
t,T
u,U
v,V
w,W
x,X
y,Y
z,Z
a,A
b,B
c,C
d,D
e,E
f,F
g,G
h,H
i,I
j,J
k,K
l,L
m,M
n,N
o,O
p,P
q,Q
r,R
s,S
t,T
u,U
v,V
w,W
x,X
y,Y
z,Z
a,A
b,B
c,C
d,D
e,E
f,F
g,G
h,H
i,I
j,J
k,K
l,L
m,M
n,N
o,O
p,P
q,Q
r,R
s,S
t,T
u,U
v,V
w,W
x,X
y,Y
z,Z
０,0
１,1
２,2
３,3
４,4
５,5
６,6
７,7
８,8
９,9
＠,
№,
＃,
／,
＼,
〓,
†,
‡,
♪,
♭,
♯,
¶,
§,
｜,
∥,
￤,
━,
￣,
＿,
‐,
─,
※,
＊,
□,
■,
◇,
◆, 
☆, 
★, 
○, 
●, 
◎, 
△, 
▲, 
▽, 
▼, 
↑, 
↓, 
←, 
→, 
？, 
！, 
＆, 
卍, 
♂, 
♀, 
〒, 
℡, 
～, 
〆, 
〃, 
仝, 
<, 
「, 
『, 
【, 
〔, 
［, 
[, 
｛, 
{, 
〈, 
（, 
《, 
〝, 
・, 
;, 
；, 
:, 
：, 
…, 
‥, 
¨, 
｀, 
´, 
，, 
、, 
。, 
‘, 
“, 
＋, 
－, 
±, 
×, 
÷, 
√, 
＝, 
≠, 
≒, 
＜, 
≦, 
≧, 
≪, 
≡, 
∞, 
∽, 
∝, 
∫, 
∬, 
∮, 
∴, 
∵, 
∩, 
∪, 
∧, 
∨, 
∀, 
⊃, 
⊂, 
⊇, 
⊆, 
∋, 
∈, 
∃, 
⇒, 
⇔, 
∟, 
∠, 
⊥, 
￢, 
⊿, 
∑, 
∇, 
⌒, 
∂, 
°, 
′, 
″, 
℃, 
￥, 
＄, 
￠, 
￡, 
％, 
‰, 
Å, 
㎜, 
㎝, 
㎞, 
㎎, 
㎏, 
㏄, 
㎡, 
㊤, 
㊦, 
㊧, 
㊨, 
㊥, 
㈹, 
㈲, 
㈱, 
㏍, 
㍻, 
㍼, 
㍽, 
㍾, 
˜, 
^, 
＇, 
＂, 
а, 
б, 
г, 
д, 
δ, 
θ, 
ψ, 
ξ, 
τ, 
>, 
」, 
』, 
】, 
〕, 
］, 
], 
｝, 
〉, 
）, 
＞, 
≫, 
》, 
〟, 
”, 
’, 
+, 
✨, 
✳︎, 
@, 
⭐️, 
❇️, 
✴️, 
♡, 
❣️, 
❤️, 
♦, 
❗️, 
/, 
‼️, 
˗, 
ᅳ, 
᭸, 
‑, 
‒, 
–, 
—, 
⁃, 
⁻, 
−, 
▬, 
➖, 
ㅡ, 
𐄐, 
𐆑, 
 , 
゛, 
ﾟ, 
アルバ,ALBA 
ワイアード,WIRED 
ファイブスポーツ スピードタイマー,FIVE SPORTS SPEED TIMER 
62セイコーマチック クロノメータ ウィークデータ,62 SEIKOMATIC CHRONOMETER WEEK DATA 
ファイブスポーツスピードタイマー,FIVE SPORTS SPEED TIMER 
62セイコーマチッククロノメータウィークデータ,62 SEIKOMATIC CHRONOMETER WEEK DATA 
62セイコーマチック クロノメータ カレンダ,62 SEIKOMATIC CHRONOMETER CALENDAR 
52キングセイコー クロノメータ スペシャル,52 KING SEIKO CHRONOMETER SPECIAL 
62セイコーマチッククロノメータカレンダ,62 SEIKOMATIC CHRONOMETER CALENDAR 
52キングセイコークロノメータスペシャル,52 KING SEIKO CHRONOMETER SPECIAL 
スポーツマン セブンティーン カレンダ,SPORTSMAN SEVEN CALENDAR 
ランドレックパーペチュアルカレンダー,LANDREK PERPETUAL CALENDAR 
セイコーマティック　ウィークデーター,SEIKOMATIC WEEKDATA 
スポーツマンセブンティーンカレンダ,SPORTSMAN SEVEN CALENDAR 
ダイバーズ プロフェッショナル200M,DIVERS PROFESSIONAL 200 M 
セイコーマチック シルバーウェーブ,SEIKOMATIC SILVER WAVE 
62グランドセイコー ウィークデータ,62 GRAND SEIKO WEEK DATA 
51セイコーマチック ウィークデータ,51 SEIKOMATIC WEEK DATA 
ダイバーズプロフェッショナル200M,DIVERS PROFESSIONAL 200 M 
セイコーマチックシルバーウェーブ,SEIKOMATIC SILVER WAVE 
62グランドセイコーウィークデータ,62 GRAND SEIKO WEEK DATA 
51セイコーマチックウィークデータ,51 SEIKOMATIC WEEK DATA 
セイコーマチック ウィークデータ,SEIKOMATIC WEEK DATA 
グランドセイコー セカンドモデル,GRAND SEIKO SECOND MODEL 
FIVESPORTSSPEEDTIMER,FIVE SPORTS SPEED TIMER 
76スポーツマチック 5 デラックス,"76 SPORTSMATIC ""5"" DELUXE "
62SEIKOMATICCHRONOMETERWEEKDATA,62 SEIKOMATIC CHRONOMETER WEEK DATA 
62SEIKOMATICCHRONOMETERCALENDAR,62 SEIKOMATIC CHRONOMETER CALENDAR 
オートマティック インジケーター,​AUTOMATIC INDICATOR 
セイコーマチックウィークデータ,SEIKOMATIC WEEK DATA 
グランドセイコーセカンドモデル,GRAND SEIKO SECOND MODEL 
セイコー セレクション,SEIKO SELECTION 
セイコーマチックスリム デート,SEIKOMATIC SLIM DATING 
セイコーマチック ブルーヨット,"SEIKOMATIC ""BLUE YACHT"" "
セイコーマチック セルフデータ,SEIKOMATIC SELF DATA 
スポーツマチック カレンダ 820,SPORTSMATIC CALENDAR 820 
スポーツマチック 5 デラックス,"SPORTSMATIC ""5"" DELUXE "
スクールタイム ウィークデータ,SCHOOL TIME WEEK DATA 
グランドセイコー セルフデータ,GRAND SEIKO SELF DATA 
76スポーツマチック5デラックス,"76 SPORTSMATIC ""5"" DELUXE "
76スポーツマチック デラックス,76 SPORTSMATIC DELUXE 
61グランドセイコー スペシャル,61 GRAND SEIKO SPECIAL 
56キングセイコー クロノメータ,56 KING SEIKO CHRONOMETER 
52KINGSEIKOCHRONOMETERSPECIAL,52 KING SEIKO CHRONOMETER SPECIAL 
45キングセイコー クロノメータ,45 KING SEIKO CHRONOMETER 
セイコー クォーツ スポーツ150,QUARTZ SPORTS 150 
セイコーマチックブルーヨット,"SEIKOMATIC ""BLUE YACHT"" "
セイコーマチックセルフデータ,SEIKOMATIC SELF DATA 
セイコーマチックスリムデート,SEIKOMATIC SLIM DATING 
スクールタイムウィークデータ,SCHOOL TIME WEEK DATA 
グランドセイコーセルフデータ,GRAND SEIKO SELF DATA 
76スポーツマチックデラックス,76 SPORTSMATIC DELUXE 
61グランドセイコースペシャル,61 GRAND SEIKO SPECIAL 
56キングセイコークロノメータ,56 KING SEIKO CHRONOMETER 
45キングセイコークロノメータ,45 KING SEIKO CHRONOMETER 
TYPE-Ⅱ ビジネススタンダード,TYPE-II BUSINESS STANDARD 
プロフェッショナル ダイバー,PROFESSIONAL DIVER 
スポーツマン セブンティーン,SPORTSMAN SEVEN 
スポーツマチックカレンダ820,SPORTSMATIC CALENDAR 820 
スポーツマチック5デラックス,"SPORTSMATIC ""5"" DELUXE "
キングセイコー クロノメータ,KING SEIKO CHRONOMETER 
66スポーツマチック ファイブ,"66 SPORTSMATIC ""FIVE"" "
62グランドセイコー カレンダ,62 GRAND SEIKO CALENDAR 
61ニューファイブ デラックス,61 NEW FIVE DELUXE 
61グランドセイコー V. F. A.,61 GRAND SEIKO V.F.A. 
57グランドセイコー カレンダ,57 GRAND SEIKO CALENDAR 
52ロードマチック スペシャル,52 LORDMATIC SPECIAL 
52キングセイコー スペシャル,52 KING SEIKO SPECIAL 
51ニューファイブ デラックス,51 NEW FIVE DELUXE 
プレザージュ カクテルタイム,PRESAGE COCKTAIL TIME 
プロスペツクス アルピニスト,PROSPEX ALPINIST 
プロフェッショナルダイバー,PROFESSIONAL DIVER 
スポーツマンセブンティーン,SPORTSMAN SEVEN 
グランドセイコーファースト,GRAND SEIKO FIRST 
キングセイコークロノメータ,KING SEIKO CHRONOMETER 
66スポーツマチックファイブ,"66 SPORTSMATIC ""FIVE"" "
62グランドセイコーカレンダ,62 GRAND SEIKO CALENDAR 
61ニューファイブデラックス,61 NEW FIVE DELUXE 
57グランドセイコーカレンダ,57 GRAND SEIKO CALENDAR 
52ロードマチックスペシャル,52 LORDMATIC SPECIAL 
52キングセイコースペシャル,52 KING SEIKO SPECIAL 
51ニューファイブデラックス,51 NEW FIVE DELUXE 
ペーパーチュアルカレンダー,PERPETUAL CALENDAR 
スポーツマチック ファイブ,"SPORTSMATIC ""FIVE"" "
スポーツマチック カレンダ,SPORTSMATIC CALENDAR 
63ファイブ ルナカレンダー,63 FIVE LUNA CALENDAR 
5スポーツスピードタイマー,5 SPORTS SPEED TIMER 
プロスペックスダイバーズ,PROSPEX DIVERS 
スポーツマチックファイブ,"SPORTSMATIC ""FIVE"" "
スポーツマチックカレンダ,SPORTSMATIC CALENDAR 
63ファイブルナカレンダー,63 FIVE LUNA CALENDAR 
61グランドセイコーV.F.A.,61 GRAND SEIKO V.F.A. 
パーペチュアルカレンダー,PERPETUAL CALENDAR 
ライナー クロノメーター,LINER CHRONOMETER 
スカイライナー カレンダ,SKYLINER CALENDAR 
スーパー ウイークデータ,SUPER WEEK DATA 
キングセイコー カレンダ,KING SEIKO CALENDAR 
76 SPORTSMATIC 5 DELUXE,"76 SPORTSMATIC ""5"" DELUXE "
ライナークロノメーター,LINER CHRONOMETER 
チャンピオンカレンダー,CHAMPION CALENDAR 
セイコーマチックスリム,SEIKOMATIC SLIM 
スカイライナーカレンダ,SKYLINER CALENDAR 
スーパーウイークデータ,SUPER WEEK DATA 
クロノスセルフデーター,CRONOS SELF DATA 
キングセイコーカレンダ,KING SEIKO CALENDAR 
SPORTSMATICCALENDAR820,SPORTSMATIC CALENDAR 820 
SPORTSMANSEVENCALENDAR,SPORTSMAN SEVEN CALENDAR 
OBSERVATORYCHRONOMETER,OBSERVATORY CHRONOMETER 
56KINGSEIKOCHRONOMETER,56 KING SEIKO CHRONOMETER 
45KINGSEIKOCHRONOMETER,45 KING SEIKO CHRONOMETER 
パーペチュアル,PERPETUAL 
《精工舎》プレシジョン,SEIKOSHA PRECISION 
ナビゲーター　タイマー,NAVIGATOR TIMER 
チャンピオン カレンダ,CHAMPION CALENDAR 
ダイバーウォッチ 300M,DIVER WATCH 300M 
ダイバーウォッチ 150M,DIVER WATCH 150M 
スーパー セルフデータ,SUPER SELF DATA 
スーパー オートデータ,SUPER AUTO DATA 
クロノス セルフデータ,CHRONOS SELF DATA 
クラウン セルフデータ,CROWN SELF DATA 
SEIKOMATIC BLUE YACHT,"SEIKOMATIC ""BLUE YACHT"" "
英空軍ブロードアロー,ROYAL AIR FORCE BROAD ARROW 
ロードマーベル 36000,ROAD MARVEL 36000 
ハイブリッドダイバー,HYBRID DIVER 
チャンピオンカレンダ,CHAMPION CALENDAR 
ダイバーウォッチ300M,DIVER WATCH 300M 
ダイバーウォッチ150M,DIVER WATCH 150M 
スーパーセルフデータ,SUPER SELF DATA 
スーパーオートデータ,SUPER AUTO DATA 
クロノスセルフデータ,CHRONOS SELF DATA 
クラウンセルフデータ,CROWN SELF DATA 
SPORTSMATIC 5 DELUXE,"SPORTSMATIC ""5"" DELUXE "
SEIKOMATICSLIMDATING,SEIKOMATIC SLIM DATING 
SEIKOMATICSILVERWAVE,SEIKOMATIC SILVER WAVE 
KINGSEIKOCHRONOMETER,KING SEIKO CHRONOMETER 
AUTOMATICWINDINGNO.1,AUTOMATIC WINDING NO. 1 
76SPORTSMATIC5DELUXE,"76 SPORTSMATIC ""5"" DELUXE "
62GRANDSEIKOWEEKDATA,62 GRAND SEIKO WEEK DATA 
62GRANDSEIKOCALENDAR,62 GRAND SEIKO CALENDAR 
57GRANDSEIKOCALENDAR,57 GRAND SEIKO CALENDAR 
51SEIKOMATICWEEKDATA,51 SEIKOMATIC WEEK DATA 
33バッテリーウォッチ,33 BATTERY WATCH 
セイコーセレクション,SEIKO SELECTION 
スポーツマチック5 DX,SPORTSMATIC 5 DELUXE 
セイコー ファイブ DX,SEIKO FIVE DX 
スポーツマテック17石,SPORTSMATIC 17J 
キングツインクォーツ,KING TWIN QUARTZ 
スポーツマティック5 ,SPORTMATIC 5 
ロードマーベル36000,ROAD MARVEL 36000 
スポーツマン セブン,SPORTSMAN SEVEN 
クロノス スペシャル,CHRONOS SPECIAL 
クロノス シーホース,CRONOS SEAHORSE 
クラウン スペシャル,CROWN SPECIAL 
SPORTSMATICCALENDAR,SPORTSMATIC CALENDAR 
SEIKOMATICBLUEYACHT,"SEIKOMATIC ""BLUE YACHT"" "
76SPORTSMATICDELUXE,76 SPORTSMATIC DELUXE 
66 SPORTSMATIC FIVE,"66 SPORTSMATIC ""FIVE"" "
61GRANDSEIKOSPECIAL,61 GRAND SEIKO SPECIAL 
44 グランドセイコー,44 GRAND SEIKO 
5SPORTS SPEED-TIMER,5 SPORTS SPEED TIMER 
スポーツマティック5,SPORTMATIC 5 
SPEED-TIMER 5SPORTS,SEIKO 5 SPORTS SPEED TIMER 
パーペッチュアルGMT,​PERPETUAL GMT 
プロフェッショナル,PROFESSIONAL 
天文台クロノメータ,OBSERVATORY CHRONOMETER 
セイコーマチック R,"SEIKOMATIC ""R"" "
セイコービジネス A,"SEIKO BUSINESS ""A"" "
スポーツマンセブン,SPORTSMAN SEVEN 
スポーツマチック 5,"SPORTSMATIC ""5"" "
クロノススペシャル,CHRONOS SPECIAL 
クロノスシーホース,CRONOS SEAHORSE 
クラウンスペシャル,CROWN SPECIAL 
SPORTSMATIC5DELUXE,"SPORTSMATIC ""5"" DELUXE "
SEIKOMATICWEEKDATA,SEIKOMATIC WEEK DATA 
SEIKOMATICSELFDATA,SEIKOMATIC SELF DATA 
SCHOOLTIMEWEEKDATA,SCHOOL TIME WEEK DATA 
GRANDSEIKOSELFDATA,GRAND SEIKO SELF DATA 
66シルバーウェーブ,66 SILVER WAVE 
63シルバーウェーブ,63 SILVER WAVE 
63FIVELUNACALENDAR,63 FIVE LUNA CALENDAR 
62シルバーウェーブ,62 SILVER WAVE 
61ナビゲータタイム,61 NAVIGATOR TIME 
61グランドセイコー,61 GRAND SEIKO 
61GRANDSEIKOV.F.A.,61 GRAND SEIKO V.F.A. 
56グランドセイコー,56 GRAND SEIKO 
52LORDMATICSPECIAL,52 LORDMATIC SPECIAL 
52KINGSEIKOSPECIAL,52 KING SEIKO SPECIAL 
45グランドセイコー,45 GRAND SEIKO 
44グランドセイコー,44 GRAND SEIKO 
37エレクトロニック,37 ELECTRONIC 
31エレクトロニック,31 ELECTRONIC 
スキューバマスター,SCUBA MASTER 
フィールドマスター,FIELD MASTER 
セイコーキネテック,SEIKO KINETIC 
ネイビーモンスター,NAVY MONSTER 
オレンジモンスター,ORANGE MONSTER 
ブラックモンスター,BLACK MONSTER 
セイコーマチックR,"SEIKOMATIC ""R"" "
セイコービジネスA,"SEIKO BUSINESS ""A"" "
セイコー マチック,SEIKO MATIC 
セイコー スクエア,SEIKO SQUARE 
スポーツマチック5,"SPORTSMATIC ""5"" "
グランド セイコー,GRAND SEIKO 
KINGSEIKOCALENDAR,KING SEIKO CALENDAR 
66SPORTSMATICFIVE,"66 SPORTSMATIC ""FIVE"" "
61 スカイライナー,61 SKYLINER 
クオーツ タイプⅡ,QUARTZ TYPE II 
ロード マティック,LORDMATIC 
SEIKOLMスペシャル,SEIKO LM SPECIAL 
ワールドタイマー,WORLD TIMER 
ファイブスポーツ,FIVE SPORTS 
ディズニータイム,DISNEY TIME 
ダイバーウォッチ,DIVER WATCH 
セカンドダイバー,SECOND DIVER 
セイコーマチック,SEIKOMATIC 
セイコーマーベル,SEIKO MARVEL 
セイコースクエア,SEIKO SQUARE 
セイコークラウン,SEIKO CROWN 
スポーツマチック,SPORTSMATIC 
スポーツウオッチ,SPORTS WATCH 
スピードタイマー,SPEED TIMER 
スイープセコンド,SWEEP SECONDS 
シルバーウェーブ,SILVER WAVE 
ジャイロマーベル,GYRO MARVEL 
サードダイバーズ,THIRD DIVERS 
ゴールドフェザー,GOLD FEATHER 
クリスタルセブン,CRYSTAL SEVEN 
グランドセイコー,GRAND SEIKO 
グランドクオーツ,GRAND QUARTZ 
エプソンセイコー,EPSON SEIKO 
SPORTSMATIC FIVE,"SPORTSMATIC ""FIVE"" "
SKYLINERCALENDAR,SKYLINER CALENDAR 
SEIKO BUSINESS A,"SEIKO BUSINESS ""A"" "
LINERCHRONOMETER,LINER CHRONOMETER 
CHAMPIONCALENDAR,CHAMPION CALENDAR 
63サードダイバー,63 THIRD DIVER 
61ワールドタイム,61 WORLD TIME 
61スカイライナー,61 SKYLINER 
56キングセイコー,56 KING SEIKO 
51プレスマチック,51 PRESMATIC 
51ニューファイブ,51 NEW FIVE 
45キングセイコー,45 KING SEIKO 
ロードマティック,LOADMATIC 
スピードマスター,SPEEDMASTER 
ストップウォッチ,STOPWATCH 
セイコーファイブ,SEIKO 5 
カリキュレーター,CALCULATOR 
シルバーウエーブ,SILVER WAVE 
グランドクォーツ,GRAND QUARTZ 
ウィークデーター,WEEK DATA 
ベビーモンスター,BABY MONSTER 
ナノ・ユニバース,NANO UNIVERSE 
シルバーウェイブ,SILVER WAVE 
キングクウォーツ,KING QUARTZ 
ゴールドフエーザ,GOLD FEATHER 
グランドセイコ－,GRAND SEIKO 
フライトマスター,FLIGHT MASTER 
セイコー MATIC-R,SEIKO MATIC-R 
ワールドクロック,WORLD 
フリークエンシー,FREQUENCY 
チャンピオン860,CHAMPION 860 
チャンピオン850,CHAMPION 850 
SPORTSMATICFIVE,"SPORTSMATIC ""FIVE"" "
SEIKO5 アクタス,SEIKO5 ACTUS 
ROADMARVEL36000,ROAD MARVEL 36000 
CRONOSSELFDATER,CRONOS SELF DATER 
CHRONOSSELFDATA,CHRONOS SELF DATA 
61NEWFIVEDELUXE,61 NEW FIVE DELUXE 
61NAVIGATORTIME,61 NAVIGATOR TIME 
51NEWFIVEDELUXE,51 NEW FIVE DELUXE 
300MPROダイバー,300M PRO DIVER 
KINETIC　SPORTS,KINETIC SPORTS 
キング クォーツ,KING QUARTZ 
セイコー S-WAVE,SILVER WAVE S-WAVE 
キング クオーツ,KING QUARTZ 
ワールドタイム,WORLD TIME 
ロードマチック,LORDMATIC 
ロードマーベル,LORD MARVEL 
プロスペックス,PROSPEX 
プレスマチック,PRESMATIC 
スクールタイム,SCHOOL TIME 
スカイライナー,SKYLINER 
サードダイバー,THIRD DIVER 
キングセイコー,KING SEIKO 
キングクォーツ,KING QUARTZ 
オートマチック,AUTOMATIC 
SPORTSMANSEVEN,SPORTSMAN SEVEN 
SEIKOMATICSLIM,SEIKOMATIC SLIM 
SEIKOBUSINESSA,"SEIKO BUSINESS ""A"" "
SEIKO5アクタス,SEIKO5 ACTUS 
DIVERWATCH300M,DIVER WATCH 300M 
DIVERWATCH150M,DIVER WATCH 150M 
CHRONOSSPECIAL,CHRONOS SPECIAL 
56デュオタイム,56 DUO TIME 
40ビジネスベル,40 BUSINESS BELL 
40BUSINESSBELL,40 BUSINESS BELL 
33BATTERYWATCH,33 BATTERY WATCH 
ランドマスター,LANDMASTER 
ロードマッチク,LORDMATIC 
ムーンフェイズ,MOON PHASES 
キングクオーツ,KING QUARTZ 
ツインクオーツ,TWIN QUARTZ 
ネイビーボーイ,NAVY BOY 
ブラックボーイ,BLACK BOY 
PRECISION 21石,PRECISION 21J 
スキューバ200M,SCUBA 200 M 
PREMICR KINTIC,PREMIER KINETIC 
ロードクォーツ,LORD QUARTZ 
ダイヤショック,DIAMOND SHOCK 
シルバーウェブ,SILVER WAVE 
ムーンフェイス,MOONFACE 
ツインクォーツ,TWIN QUARTZ 
ロードクオーツ,LORD QUARTZ 
カクテルタイム,COCKTAIL TIME 
ヨットタイマー,YACHT TIMER 
パルスメーター,PULSE METER 
マリンマスター,MARINE MASTER 
ダイバー 200M,DIVER 200M 
SUPERWEEKDATA,SUPER WEEK DATA 
SUPERSELFDATA,SUPER SELF DATA 
SUPERAUTODATA,SUPER AUTO DATA 
SPORTSMATIC 5,"SPORTSMATIC ""5"" "
CROWNSELFDATA,CROWN SELF DATA 
600M ダイバー,600M DIVER 
300M ダイバー,300M DIVER 
クオーツ　VFA,QUARTZ VFA 
DIVER'S 200Ｍ,DIVER'S 200 M 
セイコー サス,SEIKO SUS 
DIVERS  200Ｍ,DIVERS 200Ｍ 
ベルマチック,BELLMATIC 
フェアウェイ,FAIRWAY 
チャンピオン,CHAMPION 
ダイバー200M,DIVER 200M 
スポーツマン,SPORTSMAN 
ジウジアーロ,GIUGIARO 
SPORTSMATIC5,"SPORTSMATIC ""5"" "
SEIKOMATIC R,"SEIKOMATIC ""R"" "
SEIKO5SPORTS,SEIKO5 SPORTS 
CROWNSPECIAL,CROWN SPECIAL 
66SILVERWAVE,66 SILVER WAVE 
63ファイナル,63 FINAL 
63SILVERWAVE,63 SILVER WAVE 
62SILVERWAVE,62 SILVER WAVE 
61GRANDSEIKO,61 GRAND SEIKO 
600Mダイバー,600M DIVER 
56GRANDSEIKO,56 GRAND SEIKO 
45GRANDSEIKO,45 GRAND SEIKO 
44GRANDSEIKO,44 GRAND SEIKO 
37ELECTRONIC,37 ELECTRONIC 
31ELECTRONIC,31 ELECTRONIC 
300Mダイバー,300M DIVER 
07エルニクス,07 ELNIX 
プロスペック,PROSPEX 
キネティック,KINETIC 
プレサージュ,PRESAGE 
ランドレック,LANDREK 
プレザージュ,PRESAGE 
セイコー  QR,SEIKO QR 
アルピニスト,ALPINIST 
セレクション,SELECTION 
エクセリーヌ,EXCELINE 
セイコーシャ,SEIKOSHA 
BUSSINESS- A,BUSSINESS-A 
タイムトロン,TIMETRON 
ジウジアロー,GIUGIARO 
セイコー  ５,SEIKO 5 
エスウェーブ,S WAVE 
３８クオーツ,38 QUARTZ 
フェアウエイ,FAIRWAY 
セイコー SUS,SUS 
スポーチュラ,SPORTURA 
KINGセイコー,KING SEIKO 
MARINEMASTER,MARINE MASTER 
セイコー5DX,SEIKO 5DX 
セイコー LC,SEIKO LC 
SEIKOMATICR,"SEIKOMATIC ""R"" "
KING  SEIKO,KING SEIKO 
GOLDFEATHER,GOLD FEATHER 
CHAMPION860,CHAMPION 860 
CHAMPION850,CHAMPION 850 
61WORLDTIME,61 WORLD TIME 
56KINGSEIKO,56 KING SEIKO 
51PRESMATIC,51 PRESMATIC 
45KINGSEIKO,45 KING SEIKO 
ハーモニー,HARMONY 
ダイバーズ,DIVERS 
セイコーLC,SEIKO LC 
セイコー５,SEIKO 5 
セイコー 5,SEIKO 5 
自動巻 1号,AUTOMATIC WINDING NO. 1 
クレドール,CREDOR 
エルニクス,ELNIX 
SPEEDTIMER,SPEED TIMER 
SCHOOLTIME,SCHOOL TIME 
ROADMARVEL,ROAD MARVEL 
GYROMARVEL,GYRO MARVEL 
GRANDSEIKO,GRAND SEIKO 
DISNEYTIME,DISNEY TIME 
61ダイバー,61 DIVERS 
61SKYLINER,61 SKYLINER 
"45GS,V.F.S","45GS, V.F.S "
スピリット,SPIRIT 
コーチュラ,COUTURA 
エンブレム,EMBLEM 
アストロン,ASTRON 
デジボーグ,DIGIBORG 
ル－セント,LUCENT 
アベニュー,AVENUE 
リクラフト,RECRAFT 
スーペリア,SUPERIOR 
セイコーLM,LORDMATIC LM 
SILVERWAVE,SILVER WAVE 
スピリッツ,SPIRIT 
クレードル,CREDOR 
ルーセント,LUCENT 
エンパイア,EMPIRE 
ＤＯＬＣＥ,DOLCE 
QRクォーツ,QR QUARTZ 
スキューバ,SCUBA 
パイロット,PILOT 
ソットサス,SOTTSASS 
マジェスタ,MAJESTA 
BUSSINES A,BUSINESS A 
メカニカル,MECHANICAL 
スプリット,SPIRIT 
ユニスター,UNISTER 
自動巻1号,AUTOMATIC WINDING NO. 1 
ビジネスA,BUSINESS A 
セイコー5,SEIKO 5 
WORLDTIME,WORLD TIME 
KINGSEIKO,KING SEIKO 
600MDIVER,600M DIVER 
56DUOTIME,56 DUO TIME 
51NEWFIVE,51 NEW FIVE 
300MDIVER,300M DIVER 
5スポーツ,5 SPORTS 
SS 5ATCUS,SS 5 ATCUS 
タイプ II,TYPE II 
ローレル,LAUREL 
ライナー,LINER 
ユニーク,UNIQUE 
マチック,MATIC 
マーベル,MARVEL 
ブライツ,BRIGHTZ 
ダイバー,DIVER 
スーパー,SUPER 
クロノス,CRONOS 
クラウン,CROWN 
アクタス,ACTUS 
61DIVERS,61 DIVERS 
シャリオ,CHARIOT 
ドルチェ,DOLCE 
タイプII,TYPE2 
ファイブ,FIVE 
タイプⅡ,TYPE II 
５SPORTS,5 SPORTS 
ガランテ,GALANTE 
アドバン,ADVAN 
ランディ,LANDY 
プルミエ,PURMIER 
パルサー,PULSAR 
メカサス,MECHANICAL SUS 
プレミエ,PREMIER  
デジアナ,DIGI-ANA 
63FINAL,63 FINAL 
07ELNIX,07 ELNIX 
タイプ2,TYPE2 
TYPE-Ⅱ,TYPE II 
TYPE Ⅱ,TYPE II 
ルキア,LUKIA 
アシエ,ASSIE 
TYPEⅡ,TYPE II 
5ACTUS,SEIKO 5 ACTUS 
SPILIT,SPIRIT 
デリカ,DELICA 
TYPE 2,TYPE2 
精工舎,SEIKOSHA 
ENPIRE,EMPIRE 
ツナ缶,TUNA CAN 
スモウ,SUMO 
ノイエ,NOIE 
45KS,45KS KING SEIKO 
ＬＭ,LORDMATIC LM 
5DX,SEIKO 5 DX 
GS,GRAND SEIKO GS 
KS,KS KING SEIKO 
LM,LORDMATIC LM 
クロノグラフ,CHRONOGRAPH 
電波,RADIO WAVE 
ミリタリー,MILITARY 
ダイバー,DIVER 
ドレス,DRESS 
パイロット,PILOT 
フィールド,FIELD 
スポーツ,SPORTS 
手巻,MANUAL 
自動巻,AUTOMATIC 
電子式,ELECTRONIC 
機械式,MECHANICAL 
水晶発振式,QUARTZ 
クオーツ,QUARTZ 
オーチマチック,AUTOMATIC 
マニュアル,MANUAL 
クォーツ,QUARTZ 
ソーラー,SOLAR 
5ビート,5 BEAT 
6ビート,6 BEAT 
5.5ビート,5.5 BEAT 
8ビート,8 BEAT 
10ビート,10 BEAT 
12ビート,12 BEAT 
5 ビート,5 BEAT 
6 ビート,6 BEAT 
5.5 ビート,5.5 BEAT 
8 ビート,8 BEAT 
10 ビート,10 BEAT 
12 ビート,12 BEAT 
7石,7J 
8石,8J 
9石,9J 
10石,10J 
11石,11J 
12石,12J 
13石,13J 
14石,14J 
15石,15J 
16石,16J 
17石,17J 
18石,18J 
19石,19J 
20石,20J 
21石,21J 
22石,22J 
23石,23J 
24石,24J 
25石,25J 
26石,26J 
27石,27J 
28石,28J 
29石,29J 
30石,30J 
31石,31J 
32石,32J 
33石,33J 
34石,34J 
35石,35J 
36石,36J 
37石,37J 
38石,38J 
39石,39J 
40石,40J 
41石,41J 
42石,42J 
43石,43J 
44石,44J 
45石,45J 
46石,46J 
47石,47J 
48石,48J 
49石,49J 
50石,50J 
7 石,7J 
8 石,8J 
9 石,9J 
10 石,10J 
11 石,11J 
12 石,12J 
13 石,13J 
14 石,14J 
15 石,15J 
16 石,16J 
17 石,17J 
18 石,18J 
19 石,19J 
20 石,20J 
21 石,21J 
22 石,22J 
23 石,23J 
24 石,24J 
25 石,25J 
26 石,26J 
27 石,27J 
28 石,28J 
29 石,29J 
30 石,30J 
31 石,31J 
32 石,32J 
33 石,33J 
34 石,34J 
35 石,35J 
36 石,36J 
37 石,37J 
38 石,38J 
39 石,39J 
40 石,40J 
41 石,41J 
42 石,42J 
43 石,43J 
44 石,44J 
45 石,45J 
46 石,46J 
47 石,47J 
48 石,48J 
49 石,49J 
50 石,50J 
ブラック,BLACK 
ブラウン,BROWN 
カーキ,KHAKI 
ブラウン,BROWN 
ホワイト,WHITE 
レッド,RED 
オレンジ,ORANGE 
イエロー,YELLOW 
ブルー,BLUE 
グリーン,GREEN 
パープル,PURPLE 
シルバー,SILVER 
ゴールド,GOLD 
チタン,TITANIUM 
チタニウム,TITANIUM 
mod,**del**
カスタム,**del**
ジャンク,**del**
junk,**del**
不動,**del**
未確認,**del**
動作は全くの未チェックです,**del**
動作保証はできかねます,**del**
動作保証は出来ません,**del**
動作状況:未確認,**del**
動作未確認です,**del**
動作はありません,**del**
動作の確認はしておりません,**del**
動作チェックしておりません,**del**
動作するかどうかは保証できません,**del**
動作は未確認,**del**
動作保証は出来かねます,**del**
動作の確認はできていません,**del**
動作は未確認です,**del**
動作の確認ができません,**del**
動作保証はございません,**del**
動作するかの保証は致しかねます,**del**
オマージュ,**del**
NH35A,**del**
訳あり,**del**
他のサイト,**del**
他のフリマ,**del**
併売,**del**
他アプリにも出品中,**del**
動作未確認,**del**
動作確認出来ていません｡,**del**
動作確認無し｡,**del**
"動作確認は行なっておりません｡
本品のみで､箱､説",**del**
動作の確認は未確認です｡,**del**
動作確認はできておりません,**del**
動作の保証はできかねます,**del**
動作確認できません｡,**del**
動作確認できませんのでジャンク扱いでお願い致します,**del**
動作確認行ってません,**del**
動作していませんのでジャンク品,**del**
動作確認出来ていません,**del**
動作確認できてないです,**del**
動作は不明です,**del**
動作確認ができておりません,**del**
動作確認は出来ていない為,**del**
動作確認や機能の確認は行っておりません,**del**
動作確認できておりません,**del**
動作につきましては保証しかねます,**del**
動作確認はしていません,**del**
動作を保障するものではありません,**del**
動作確認していないことをご理解ください,**del**
動作確認出来ておりません,**del**
動作確認無し,**del**
動作は確認出来ません,**del**
現在は不動となっております,**del**
稼働確認しておりません,**del**
稼働していません｡,**del**
動作確認はしておりません,**del**
動作不良です｡,**del**
動作確認しておりません,**del**
動作確認していません,**del**
動作はしておりません,**del**
動作確認してません,**del**
動作確認できません,**del**
動作確認なし,**del**
動作しておりません,**del**
動作は致しません,**del**
動作状況:不動品,**del**
ジャンク品｡,**del**
ジャンク品(動作未確認),**del**
ジャンク品扱いで出品します｡,**del**
ジャンク扱い品となります｡,**del**
ジャンク扱いで,**del**
ジャンク扱い,**del**
ジャンク品として,**del**
ジャンク品扱い,**del**
ジャンク(壊れている)品として販売します｡,**del**
"ジャンク扱い
その他機能は確認済み

※多少のお値",**del**
"ジャンク品扱いとさせて頂きます｡

値段交渉可",**del**
ジャンク品,**del**
ジャンクにて,**del**
ジャンク品扱いにて,**del**
不動品ですので,**del**
不動により,**del**
不動品となります｡,**del**
不動です｡,**del**
不動状態です｡,**del**
不動品です,**del**
"不動,ジャンク品になります",**del**
不動品 動作未確認,**del**
電池交換必要,**del**
電池は切れています,**del**
電池は切れてます,**del**
電池は止まっている,**del**
電池未交換,**del**
電池切れしております,**del**
電池交換してない,**del**
電池が切れております,**del**
電池が切れてしまい,**del**
電池交換は必要です,**del**
電池がないので,**del**
電池が切れており,**del**
電池が切れ止まっております,**del**
電池は切れたままです,**del**
電池交換要,**del**
電池は切れております,**del**
電池は止まっています,**del**
電池が切れたため,**del**
電池交換が必要です,**del**
電池が切れています,**del**
電池切れです｡,**del**
電池切れになります｡,**del**
電池切れ｡,**del**
電池切れです,**del**
電池切れしています,**del**
電池切れで動いてません｡,**del**
電池交換すれば動くかもしれません,**del**
電池切れだと思います｡,**del**
電池切れの為稼働していません｡,**del**
電池が切れて1年程経ち,**del**
電池切れ,**del**
電池が切れているので交換が必要になります,**del**
電池がきれてますので,**del**
電池切れかと思います,**del**
"電池が切れから長期保管しており
動作確認しておらず",**del**
電池交換をお願い致します,**del**
電池交換していませんので､動作未確認です,**del**
電池切れのため動作未確認です,**del**
電池切れで稼働しておりません｡,**del**
電池切れ品,**del**
電池が切れていました,**del**
電池が切れているため不動,**del**
電池切れで動作確認できておりません,**del**
電池切れの為,**del**
電池切れています,**del**
電池が切れた状態になります,**del**
電池切れの為動かなくなっています,**del**
電池交換を行っていない為動作未確認です,**del**
電池は切れていて,**del**
電池が切れました,**del**
電池を変えたら普通に使えるみたいです,**del**
電池は交換しておりません｡,**del**
電池がただいま切れてます｡,**del**
電池交換をしていないので動作確認はできていません,**del**
電池が切れてます,**del**
電池は入っていますが､止まっています,**del**
電池はきれてしまっている,**del**
電池はきれております,**del**
電池は切れている,**del**
電池が無いため,**del**
電池は切れた状態のままです｡,**del**
電池もすでに切れております,**del**
電池が切れている,**del**
電池が切れているため,**del**
電池交換はしていません｡,**del**
電池を交換すれば使えます｡,**del**
電池交換が必要な商品です,**del**
電池が切れてしまっている,**del**
電池が切れてるので,**del**
電池ありません,**del**
止まったまま,**del**
止まったりします｡,**del**
止まっています,**del**
止まってしまいます,**del**
止まってしまう状態です｡,**del**
止まってしまっています,**del**
止まってしまっております,**del**
止まっての繰り返しです｡,**del**
止まってます｡,**del**
止まってます,**del**
止まります｡,**del**
レディース,**del**
動作しております,This item is working properly.
動作も問題無く正常に稼働中です,This item is working properly.
動作良好,This item is working properly.
動作確認済,This item is working properly.
動作確認済致しました,This item is working properly.
動作も問題はございません｡,This item is working properly.
動作確認済み,This item is working properly.
動作に問題ありません,This item is working properly.
動作に問題ございません,This item is working properly.
動作確認はしっかりとしております,This item is working properly.
動作しています,This item is working properly.
動作不良はなく正常に機能しております,This item is working properly.
動作は確認済です,This item is working properly.
動作します,This item is working properly.
動作不良はなく平置き±20秒以内で動作しております,This item is working properly.
動作は良好です,This item is working properly.
動作良好です,This item is working properly.
動作不良なく,This item is working properly.
動作確認しています,This item is working properly.
動作中です,This item is working properly.
動作も問題無く､正常に稼働しています,This item is working properly.
動作確認取れております,This item is working properly.
動作は問題なく使用していました,This item is working properly.
現在､動作問題ないです,This item is working properly.
動作不良はなく,This item is working properly.
正常動作確認済,This item is working properly.
動作不良による返品･返金はお受けしておりません｡ご,This item is working properly.
動作   :確認済み,This item is working properly.
現在作動良好｡,This item is working properly.
動作も良好となっております,This item is working properly.
動作にも異常はありません,This item is working properly.
動作不良はありません,This item is working properly.
動作は問題ありません,This item is working properly.
動作に関し現状問題なく稼働し使用できております,This item is working properly.
動作に問題なく,This item is working properly.
動作確認は致しました,This item is working properly.
動作に不具合は無いようです,This item is working properly.
動作確認してます,This item is working properly.
動作確認 OK,This item is working properly.
動作も問題ございません,This item is working properly.
動作は快調です,This item is working properly.
動作正常,This item is working properly.
動作も問題無く,This item is working properly.
動作も問題無く正常に稼働しております,This item is working properly.
動作も問題はございません,This item is working properly.
動作は24時間ほど確認しましたが､狂いなく稼働して,This item is working properly.
動作も問題ありません,This item is working properly.
動作に問題もございません,This item is working properly.
動作以上なし,This item is working properly.
動作も問題はありません,This item is working properly.
動作の簡易動作,This item is working properly.
動作不良ありません,This item is working properly.
動作不具合などはありません,This item is working properly.
動作程度の簡易動作ﾃｽﾄ済み,This item is working properly.
動作に問題はなく直ぐにご使用になれます,This item is working properly.
動作にはなんの問題もないです,This item is working properly.
動作は確認済みです,This item is working properly.
動作も1日ﾗﾝﾆﾝｸﾞﾃｽﾄの中では正常日差でした,This item is working properly.
動作は問題なく,This item is working properly.
動作いたします,This item is working properly.
動作も良好,This item is working properly.
動作はしております,This item is working properly.
動作に関しても問題ありません,This item is working properly.
動作はしています,This item is working properly.
動作は大変良好,This item is working properly.
動作は確認済み,This item is working properly.
動作防水確認済み,This item is working properly.
動作も安定しております,This item is working properly.
動作状況 : 正常稼働,This item is working properly.
動作に問題ないと思います,This item is working properly.
動作状況:稼働品,This item is working properly.
動作OK,This item is working properly.
動作も良好です,This item is working properly.
動作に問題はございません,This item is working properly.
動作は快調,This item is working properly.
動作問題無しです,This item is working properly.
動作状況:可動品,This item is working properly.
動作は正常です,This item is working properly.
動作は正常に作動しています,This item is working properly.
動作に問題はありません,This item is working properly.
動作   :確認済み,This item is working properly.
作動良好,This item is working properly.
動作品です,This item is working properly.
簡易動作ﾃｽﾄ済み,This item is working properly.
動作も1日ﾗﾝﾆﾝｸﾞﾃｽﾄの中では正常日差でした,This item is working properly.
動作品で日差無し,This item is working properly.
動作は正常,This item is working properly.
動作も確認出来ています｡,This item is working properly.
動作は現時点では問題無く使えます｡,This item is working properly.
動作確認して出品しております｡,This item is working properly.
動作品】です｡,This item is working properly.
動作確認できています｡,This item is working properly.
動作保証いたします｡,This item is working properly.
動作品,This item is working properly.
動作には問題ないです,This item is working properly.
動作を確認しています,This item is working properly.
動作確認していま す｡,This item is working properly.
動作○,This item is working properly.
動作現状正常です｡,This item is working properly.
今現在も作動しております｡,This item is working properly.
動作にも問題ありません｡,This item is working properly.
動作中,This item is working properly.
動作についても全く問題ありません,This item is working properly.
動作品になります,This item is working properly.
動作を確認しております,This item is working properly.
動作問題ありません｡,This item is working properly.
動作も確認出来ています｡,This item is working properly.
動作不具合もありません｡,This item is working properly.
動作ﾁｪｯｸ済み,This item is working properly.
動作は絶好調です｡,This item is working properly.
動作はしてます,This item is working properly.
動作は現時点では問題無く使えます｡,This item is working properly.
動作しました｡,This item is working properly.
動作確認しました不具合は､無かったです,This item is working properly.
動作や機能も問題ありません,This item is working properly.
動作確認して出品しております｡,This item is working properly.
動作確認､日差調整など一般的な使用に問題ない程度,This item is working properly.
動作可動確認しました｡,This item is working properly.
動作保証いたします｡,This item is working properly.
動作､問題有りません,This item is working properly.
動作確認致しましたがほとんど狂いはありませんでした,This item is working properly.
動作   :確認済み,This item is working properly.
動作も問題有りません｡,This item is working properly.
動作に問題は確認できません,This item is working properly.
動作 / 問題ありません,This item is working properly.
動作致します｡,This item is working properly.
動作､問題ありません｡,This item is working properly.
動作確認できています｡,This item is working properly.
動作  動きます｡,This item is working properly.
動作は問題ございません｡,This item is working properly.
動作確認もしております｡,This item is working properly.
動作順調,This item is working properly.
動作は問題ございません,This item is working properly.
動作は確認しています,This item is working properly.
動作確認はしていません｡,This item is working properly.
動作自体には不具合はなく,This item is working properly.
動作:稼働品になります,This item is working properly.
動作     動きます｡,This item is working properly.
動作するのを確認しました｡,This item is working properly.
動作確認していま す,This item is working properly.
動作問題ありません,This item is working properly.
動作現状正常です,This item is working properly.
動作確認動作: 正常作動確認,This item is working properly.
動作し､一応時刻合わせが出来ました｡,This item is working properly.
動作確認も出来てます｡,This item is working properly.
動作  今現在も作動しております,This item is working properly.
動作確認しておりますので,This item is working properly.
動作はｸﾛﾉｸﾞﾗﾌ機能含め全て問題ありませんでした,This item is working properly.
動作してます,This item is working properly.
動作問題なし,This item is working properly.
動作確認はしており､,This item is working properly.
動作にも問題ありません｡,This item is working properly.
動作し､全く問題ありません｡,This item is working properly.
動作確認】 現在､動作問題ないです｡,This item is working properly.
動作に問題は有りません｡,This item is working properly.
動作は問題ないと思います｡,This item is working properly.
稼働品(日差1分以内で快調です。),This item is working properly.
稼働しています,This item is working properly.
稼働しております,This item is working properly.
稼働してます,This item is working properly.
稼働中です,This item is working properly.
稼働品,This item is working properly.
稼働確認は致します,This item is working properly.
稼働中,This item is working properly.
稼働確認（正確な精度は計測していません。,This item is working properly.
稼働しており,This item is working properly.
稼働して誤差は数秒でありほとんど誤差はありませんでした。,This item is working properly.
稼働しており、今後もお使い頂けるかと思います。,This item is working properly.
稼働して誤差は数秒でありほとんど誤差はありませんでした,This item is working properly.
稼働いたします,This item is working properly.
稼働精度も出てました,This item is working properly.
稼働しました,This item is working properly.
稼働は良好,This item is working properly.
稼働に問題はないです,This item is working properly.
稼働稼働させた状態で、平置き24時間の動作確認のみ実施。,This item is working properly.
稼働はしています,This item is working properly.
稼働しており、そのままご使用いただける状態です。,This item is working properly.
稼働良好,This item is working properly.
稼働していました,This item is working properly.
稼働しているため,This item is working properly.
稼働確認済み,This item is working properly.
稼働していることを確認しております。,This item is working properly.
稼働しており、日付、曜日の早送りも問題なく行なえます。,This item is working properly.
稼働に問題ありません,This item is working properly.
稼働し問題ありません,This item is working properly.
稼働です,This item is working properly.
稼働致します,This item is working properly.
稼働しておりました,This item is working properly.
動作で保管しています｡,This item is working properly.
動作もんだいありません｡,This item is working properly.
動作も問題有りません｡,This item is working properly.
動作確認､日差調整など一般的な使用に問題ない程度,This item is working properly.
動作､ｸﾛﾉｸﾞﾗﾌは問題ありません,This item is working properly.
動作､調整も正常です,This item is working properly.
動作: 正常作動確認,This item is working properly.
動作も問題ないと思われます,This item is working properly.
動作は､確認済で正常です｡,This item is working properly.
動作は､間違いありません,This item is working properly.
動作も快調です｡,This item is working properly.
動作は確認出来ました,This item is working properly.
動作確認の方も問題ありません,This item is working properly.
動作しており,This item is working properly.
動作には全く問題ありません,This item is working properly.
動作状態は良好です,This item is working properly.
動作確認もしております,This item is working properly.
動作の確認出来ています,This item is working properly.
動作に異常はありません,This item is working properly.
動作に問題ないです,This item is working properly.
動作などには全く問題はありません,This item is working properly.
動作には問題ありません,This item is working properly.
動作好調です,This item is working properly.
動作は全て正常です,This item is working properly.
"動作状況
正常稼働",This item is working properly.
動作していました,This item is working properly.
動作はしっかりしており､日付曜日の変更も問題ないで,This item is working properly.
動作は絶好調です,This item is working properly.
"動作
     問題ありません｡",This item is working properly.
動作極上,This item is working properly.
動作OK,This item is working properly.
動作品,This item is working properly.
動作確認済,This item is working properly.
動作中,This item is working properly.
稼働品,This item is working properly.
稼働中,This item is working properly.
稼働確認,This item is working properly.
稼働しています,This item is working properly.
稼働電池交換済,This item is working properly.
電池交換されています,The battery has been replaced.
電池交換済み,The battery has been replaced.
電池交換してある,The battery has been replaced.
電池交換を行いました,The battery has been replaced.
電池交換後問題なく稼働しています,The battery has been replaced.
電池は5月に交換済みです,The battery has been replaced.
電池ｾﾙﾌ交換済み,The battery has been replaced.
電池交換いたしました,The battery has been replaced.
電池は5月に交換してあります,The battery has been replaced.
電池は交換したばかりです,The battery has been replaced.
電池交換しました,The battery has been replaced.
電池を交換してもらいました,The battery has been replaced.
電池交換しました,The battery has been replaced.
電池交換済,The battery has been replaced.
電池新品交換済み,The battery has been replaced.
電池稼働しています,The battery has been replaced.
電池:交換済み,The battery has been replaced.
電池交換&防水加工(ｸﾞﾘｽｱｯﾌﾟ)済み,The battery has been replaced.
電池交換はしております,The battery has been replaced.
電池は3月に交換済み,The battery has been replaced.
電池は4月に新品に交換済みです,The battery has been replaced.
電池を入れました,The battery has been replaced.
電池新品,The battery has been replaced.
電池は半年前に時計専門店で交換しています,The battery has been replaced.
電池交換を行いました,The battery has been replaced.
電池:新品交換済み,The battery has been replaced.
電池交換しています,The battery has been replaced.
電池新品です,The battery has been replaced.
電池は2月に新品に交換済みです,The battery has been replaced.
電池は､3か月程前に地元の時計専門店にて交換済です,The battery has been replaced.
電池交換及び点検作業を行なっております,The battery has been replaced.
電池交換されていました,The battery has been replaced.
電池は新品に交換致しました,The battery has been replaced.
電池は最近交換致しました,The battery has been replaced.
電池を新品に交換いたしました,The battery has been replaced.
電池は交換済みです,The battery has been replaced.
電池も新品に交換して,The battery has been replaced.
電池(ｷｬﾊﾟｼﾀ)を新品交換しました,The battery has been replaced.
電池交換はしてある,The battery has been replaced.
電池は最近交換いたしました,The battery has been replaced.
電池は3月に交換したばかり,The battery has been replaced.
電池交換をして､使用には支障はありません,The battery has been replaced.
電池交換をしました,The battery has been replaced.
電池は昨年交換しました,The battery has been replaced.
電池は令和2年5月14日に新品に交換して,The battery has been replaced.
電池交換して出品しています,The battery has been replaced.
電池交換しております,The battery has been replaced.
電池に交換済み,The battery has been replaced.
電池を新品に交換済みです,The battery has been replaced.
電池は新品に交換してあります,The battery has been replaced.
電池は1週間前に交換しました,The battery has been replaced.
電池交換を行い､現在問題なく動いています,The battery has been replaced.
電池と裏蓋ﾊﾟｯｷﾝ交換済,The battery has been replaced.
電池交換は､R1  7/20になります,The battery has been replaced.
電池交換された物,The battery has been replaced.
電池とﾍﾞﾙﾄを2021/02/09に交換してもらい,The battery has been replaced.
電池は本日(2022/2/17)交換済です,The battery has been replaced.
電池交換(20210215)し､,The battery has been replaced.
電池交換を致しました,The battery has been replaced.
電池交換したばかりです,The battery has been replaced.
電池交換したてです,The battery has been replaced.
電池交換したところ動作してます,The battery has been replaced.
電池のみ新品に変えています,The battery has been replaced.
電池から新しい電池に交換したばかりです,The battery has been replaced.
電池交換およびﾍﾞﾙﾄ交換は今年の2月頃です,The battery has been replaced.
電池交換11月にしています,The battery has been replaced.
電池交換をしたばかり,The battery has been replaced.
電池交換をしており,The battery has been replaced.
電池交換し,The battery has been replaced.
電池は最近交換致しました,The battery has been replaced.
電池交換､動作確認済みです,The battery has been replaced.
電池を入れての作動確認済み,The battery has been replaced.
電池は1月7日に交換しています,The battery has been replaced.
電池交換や動作確認､日差調整など一般的な使用に問題,The battery has been replaced.
電池は2020年9月交換済み,The battery has been replaced.
"電池交換
動作確認済み",The battery has been replaced.
電池は新品に交換,The battery has been replaced.
電池は2019年交換済みです,The battery has been replaced.
電池交換&ﾊﾟｯｷﾝ交換済稼働中です,The battery has been replaced.
電池(maxell920)交換済み,The battery has been replaced.
電池交換を行い動作確認を行いました,The battery has been replaced.
電池などに問題はありません,The battery has been replaced.
電池交換しており､現状では問題なく稼働中です,The battery has been replaced.
電池交換(20210217)し､問題なく稼働してお,The battery has been replaced.
電池:新品交換済み,The battery has been replaced.
電池は新品に交換済みです,The battery has been replaced.
電池､裏蓋ﾊﾟｯｷﾝは昨年9月に新品に交換済み,The battery has been replaced.
"電池交換
       ﾊﾟｯｷﾝ交換",The battery has been replaced.
電池は半年前に交換済み,The battery has been replaced.
"電池交換)
ﾘｭｰｽﾞ操作確認済み",The battery has been replaced.
電池は新品,The battery has been replaced.
電池交換を行い､現在正確に稼働しています,The battery has been replaced.
電池に交換し､問題なく動いております,The battery has been replaced.
電池は2021年2月初めに交換しており,The battery has been replaced.
電池交換しており､現状では問題なく稼働中です,The battery has been replaced.
電池はあり稼働中です,The battery has been replaced.
電池交換､動作確認済みです,The battery has been replaced.
電池交換(2021/2/27),The battery has been replaced.
電池交換後稼働しております,The battery has been replaced.
電池は出品にあたり交換いたしました,The battery has been replaced.
電池交換をしております,The battery has been replaced.
電池交換を致しました,The battery has been replaced.
電池交換とﾍﾞﾙﾄも新品に交換済みです,The battery has been replaced.
電池(SR527SW)に交換済)です,The battery has been replaced.
電池は2/20にﾃｽﾄ用の新品に交換しました,The battery has been replaced.
電池は2019年の夏に交換しています,The battery has been replaced.
OH済,This watch has been serviced.
OH歴等は不明になります。,This watch has an unknown service history.
OH歴不明,This watch has an unknown service history.
OH・メンテ歴等は不明,This watch has an unknown service history.
OH・電池交換・メンテ歴等は不明です。,This watch has an unknown service history.
OH履歴等は不明,This watch has an unknown service history.
OH 済,This watch has been serviced.
OH 歴不明,This watch has an unknown service history.
OHの有無は不明,This watch has an unknown service history.
OH歴は不明です,This watch has an unknown service history.
OHは、いつしたかわかりません,This watch has an unknown service history.
オーバーホール済,This watch has been serviced.
オーバーホール致しました。,This watch has been serviced.
オーバーホールしてもらいました。,This watch has been serviced.
オーバーホールが必要です。,This watch needs service.
オーバーホール歴はありません。,This watch has never been serviced.
オーバーホールに出しております。,This watch has been serviced.
オーバーホールの時期は分かりません。,This watch has an unknown service history.
オーバーホールしました,This watch has been serviced.
オーバーホール済み,This watch has been serviced.
オーバーホール致しました,This watch has been serviced.
オーバーホール、風防交換をしております,This watch has been serviced.
オーバーホール歴は不明です,This watch has an unknown service history.
オーバーホール済みです,This watch has been serviced.
オーバーホールしております,This watch has been serviced.
オーバーホールをSEIKOでしてあります。,This watch has been serviced.
オーバーホールが仕上がったばかりです,This watch has been serviced.
オーバーホールから戻ってきました。,This watch has been serviced.
オーバーホールしておりません。,This watch has never been serviced.
オーバーホール歴等不明,This watch has an unknown service history.
オーバーホールはしていない,This watch has never been serviced.
オーバーホールしていません,This watch has never been serviced.
オーバーホール歴 不明,This watch has an unknown service history.
オーバーホール歴不明。,This watch has an unknown service history.
オーバーホール歴は、不明です。,This watch has an unknown service history.
オーバーホール済みです。,This watch has been serviced.
オーバーホールしました。,This watch has been serviced.
オーバーホール時期が不明です,This watch has an unknown service history.
オーバーホールしてます。,This watch has been serviced.
オーバーホールはしていません,This watch has never been serviced.
オーバーホール時期は不明,This watch has an unknown service history.
カレンダー操作稼働問題なし。,The calendar works properly.
カレンダー早送りも可能です。,The calendar works properly.
カレンダー送りも問題ありません。,The calendar works properly.
カレンダー早送り操作も問題なく行えます。,The calendar works properly.
カレンダー機能○,The calendar works properly.
カレンダー変更動作確認できました。,The calendar works properly.
カレンダー稼働します。,The calendar works properly.
カレンダー機能します。,The calendar works properly.
カレンダーも問題なく動作しています。,The calendar works properly.
カレンダー機能正常作動,The calendar works properly.
カレンダーの早送り、クロノ機能等問題なく正常作動。,The calendar works properly.
カレンダー・リューズ・回転ベゼルそれぞれ問題無く稼,The calendar works properly.
カレンダー操作も支障ありません。,The calendar works properly.
カレンダー合って動作しています,The calendar works properly.
カレンダー早送り問題なく出来ます。,The calendar works properly.
カレンダー切り替わりも確認済みです。,The calendar works properly.
カレンダーの動作は正常です。,The calendar works properly.
カレンダー、時刻合わせも問題なくできます！,The calendar works properly.
リューズ巻取りスムーズに行えます,The crown winding is normal.
リューズ巻取り問題なし,The crown winding is normal.
リューズ手巻きスムーズ,The crown winding is normal.
リューズ巻き上げ良好です。,The crown winding is normal.
リューズ操作にて時間合わせが可能なことを確認してい,The crown is working properly.
リューズ操作は問題なく操作できます。,The crown is working properly.
リューズを回しの、動きを確認したところ、正常。,The crown is working properly.
リューズ操作のデイト機能も問題ございません。,The crown is working properly.
リューズのプッシュで変更可能です。,The crown is working properly.
リューズのネジも問題なく、,The crown is working properly.
リューズ操作ネジ込み問題なし。,The crown is working properly.
リューズ一段引きで曜日日付の早送り変更(クイックチ,The crown is working properly.
リューズ一段引きでカレンダーの早送り可,The crown is working properly.
リューズによる日付変更も問題なしです,The crown is working properly.
リューズ操作問題ありません。,The crown is working properly.
リューズ   正常稼働,The crown is working properly.
"リューズ操作、ボタン操作、
クロノグラフ全て正常、",The crown is working properly.
リューズ、ベゼル共に正常に動きます,The crown is working properly.
2秒ごとに動きます,The second hand of the watch moves every two seconds.
2秒針になることがあります,The second hand of the watch moves every two seconds.
2秒間の動きがみられます,The second hand of the watch moves every two seconds.
2秒運針したり,The second hand of the watch moves every two seconds.
2秒ずつ進みます,The second hand of the watch moves every two seconds.
研磨されています,This watch is polished.
研磨未仕上げ,This watch is polished.
研磨済,This watch is polished.
研磨仕上げ,This watch is polished.
研磨し、鏡面仕上げとヘアライン仕上げとしました,This watch is polished.
研磨済み,This watch is polished.
研磨歴無し,This watch is polished.
研磨入れて綺麗になっております,This watch is polished.
研磨仕上げを施し,This watch is polished.
研磨等は購入後一度もしておりません,This watch is polished.
研磨を行っているようです。,This watch is polished.
研磨されています。,This watch is polished.
研磨がかかっております,This watch is polished.
"ベゼル
動作に問題ありません",The bezel works fine.
"ベゼル、スムーズにまわります。
",The bezel works fine.
ベゼルが回らなくなっております,The bezel does not rotate.
ベゼルが回転します。,The bezel works fine.
ベゼルそれぞれ問題無く稼働中です。,The bezel works fine.
ベゼルはきちんと動作します。,The bezel works fine.
ベゼルは回転しません。,The bezel does not rotate.
ベゼルは結構固いです。,The bezel does not work smoothly.
ベゼルは固着したのか回りません。,The bezel does not rotate.
ベゼルは両方向に回転します。,The bezel works fine.
ベゼルもスムーズに回ります,The bezel works fine.
ベゼルも回せます,The bezel works fine.
ベゼルも問題なく動きます,The bezel works fine.
ベゼル回転問題なし,The bezel works fine.
ベゼル確認済み,The bezel works fine.
ベゼル共に正常に動きます,The bezel works fine.
ベゼル固着にて回りません,The bezel works fine.
ベゼル状態良好,The bezel works fine.
