削除対象キーワード,ブランド1,ブランド2,出品者URL
***del***,セイコ,クレドール,https://jp.mercari.com/user/profile/884203590
,プロスペックス,セイコー,https://jp.mercari.com/user/profile/553001503
,ワイアード,ワイアード,https://jp.mercari.com/user/profile/475125340
,アルバ,ルキア,https://jp.mercari.com/user/profile/879212791
,プレザージュ,グランドセイコー,https://jp.mercari.com/user/profile/465477612
,ローラス,SEIKO,https://jp.mercari.com/user/profile/788129640
,ブライツ,SEIKOWIRED,https://jp.mercari.com/user/profile/667650878
,アストロン,SEIKOSeiko 5,https://jp.mercari.com/user/profile/646386349
,チックタック,SEIKOCREDOR,https://jp.mercari.com/user/profile/150108742
,クレドール,SEIKODOLCE ＆ EXCELINEDolce,https://jp.mercari.com/user/profile/427573229
,ドルチェ,SEIKOGrand Seiko,https://jp.mercari.com/user/profile/838002597
,ルキア,SEIKOALBA（SEIKO）,https://jp.mercari.com/user/profile/836916235
,SEIKO,SEIKOASTRON,https://jp.mercari.com/user/profile/584565630
,Prospex,SEIKOPROSPEX,https://fril.jp/shop/8b2470bb49327b2e4e84fde59b280201
,Wired,SEIKOKing Seiko（SEIKO）,https://jp.mercari.com/user/profile/249637723
,Alba,SEIKOスピリット,https://jp.mercari.com/user/profile/160754147
BRIGHTZ,Presage,SEIKOPRESAGE,https://jp.mercari.com/user/profile/718402780
,Brightz,SEIKOSeiko 5 Sports,https://jp.mercari.com/user/profile/786091426
,Astron,SEIKOPROSPEXDiver Scuba,https://jp.mercari.com/user/profile/919212405
,Credor,SEIKOGrand Seiko9F8シリーズ,https://jp.mercari.com/user/profile/455919610
,Dolce,SEIKOALBA（SEIKO）Riki（ALBA）,https://jp.mercari.com/user/profile/152298299
,Lukia,SEIKOALBA（SEIKO）fusion（ALBA）,https://jp.mercari.com/user/profile/555980403
,,SEIKOBRIGHTZソーラー電波（BRIGHTZ）,https://jp.mercari.com/user/profile/107130604
,,SEIKOPROSPEXSPEEDTIMER,https://jp.mercari.com/user/profile/122700635
,,SEIKOPROSPEXAlpinist,https://fril.jp/shop/2c4da50742dd274e298766322917dd39
,,SEIKOスポーチュラ,https://jp.mercari.com/user/profile/493375035
,,SEIKOBRIGHTZ,https://jp.mercari.com/user/profile/948680070
,,プロスペックス,https://jp.mercari.com/user/profile/330137706
,,セイコーセレクション,https://jp.mercari.com/user/profile/407948159
,,アストロン,https://paypayfleamarket.yahoo.co.jp/user/p46586753
,,プレザージュ,https://jp.mercari.com/user/profile/177421299
,,セイコーファイブ,https://jp.mercari.com/user/profile/943802062
,,アルバ,https://jp.mercari.com/user/profile/580439879
,,セイコーインスツル,https://paypayfleamarket.yahoo.co.jp/user/p5224527
,,ブライツ,https://jp.mercari.com/user/profile/325442081
,,ソーラーセイコウ,https://jp.mercari.com/user/profile/876830837
,,ドルチェ,https://jp.mercari.com/user/profile/588374068
,,セイコウ,https://jp.mercari.com/user/profile/997199034
,,セイコウシャ,https://jp.mercari.com/user/profile/380597141
,,ブライツアナンタ,https://jp.mercari.com/user/profile/653700198
,,,https://paypayfleamarket.yahoo.co.jp/user/p31033290
,,,https://jp.mercari.com/user/profile/874920565
,,,https://jp.mercari.com/user/profile/327703110
,,,https://jp.mercari.com/user/profile/185082355
,,,https://jp.mercari.com/user/profile/854255082
,,,https://jp.mercari.com/user/profile/145840610
,,,https://jp.mercari.com/user/profile/433902431
,,,https://jp.mercari.com/user/profile/752790257
,,,https://jp.mercari.com/user/profile/971832226
,,,https://jp.mercari.com/user/profile/195524860
,,,https://jp.mercari.com/user/profile/401224566
,,,https://jp.mercari.com/user/profile/735422185
,,,https://jp.mercari.com/user/profile/383375097
,,,https://jp.mercari.com/user/profile/946047224
,,,https://jp.mercari.com/user/profile/682226998
,,,https://jp.mercari.com/user/profile/545885947
,,,https://jp.mercari.com/user/profile/373311350
,,,https://jp.mercari.com/user/profile/245287136
,,,https://jp.mercari.com/user/profile/884190092
,,,https://jp.mercari.com/user/profile/528468643
,,,https://jp.mercari.com/user/profile/811873951
,,,https://jp.mercari.com/user/profile/380080205
,,,https://jp.mercari.com/user/profile/642363300
,,,https://jp.mercari.com/user/profile/964513965
,,,https://jp.mercari.com/user/profile/160582234
,,,https://jp.mercari.com/user/profile/173678317
,,,https://jp.mercari.com/user/profile/676549932
,,,https://jp.mercari.com/user/profile/155514539
,,,https://jp.mercari.com/user/profile/226398806
,,,https://jp.mercari.com/user/profile/643959865
,,,https://jp.mercari.com/user/profile/619281339
,,,https://jp.mercari.com/user/profile/136365857
,,,https://jp.mercari.com/user/profile/408307154
,,,https://jp.mercari.com/user/profile/864371689
,,,https://jp.mercari.com/user/profile/637568275
,,,https://jp.mercari.com/user/profile/296265409
,,,https://jp.mercari.com/user/profile/650866890
,,,https://jp.mercari.com/user/profile/656498560
,,,https://jp.mercari.com/user/profile/193441788
,,,https://jp.mercari.com/user/profile/837884478
,,,https://jp.mercari.com/user/profile/460417898
,,,https://jp.mercari.com/user/profile/140676127
,,,https://jp.mercari.com/user/profile/478571942
,,,https://jp.mercari.com/user/profile/237655100
,,,https://jp.mercari.com/user/profile/963388074
,,,https://jp.mercari.com/user/profile/493967426
,,,https://jp.mercari.com/user/profile/443255139
,,,https://jp.mercari.com/user/profile/449072776
,,,https://jp.mercari.com/user/profile/695125726
,,,https://jp.mercari.com/user/profile/983782286
,,,https://jp.mercari.com/user/profile/752112268
,,,https://jp.mercari.com/user/profile/441257119
,,,https://jp.mercari.com/user/profile/196489870
,,,https://jp.mercari.com/user/profile/414622516
,,,https://paypayfleamarket.yahoo.co.jp/user/p709620
,,,https://paypayfleamarket.yahoo.co.jp/user/p39705182
,,,https://paypayfleamarket.yahoo.co.jp/user/p19433935
,,,https://paypayfleamarket.yahoo.co.jp/user/p54645684
,,,https://paypayfleamarket.yahoo.co.jp/user/p8489280
,,,https://paypayfleamarket.yahoo.co.jp/user/p405126
,,,https://paypayfleamarket.yahoo.co.jp/user/p2772602
,,,https://paypayfleamarket.yahoo.co.jp/user/p2398781
,,,https://paypayfleamarket.yahoo.co.jp/user/p1917245
,,,https://paypayfleamarket.yahoo.co.jp/user/p25965521
,,,https://jp.mercari.com/user/profile/323443752
